Artist Name,Artist ID,External URL,Followers,Genres,Popularity,Image URL
Anne-Marie,1zNqDE7qDGCsyzJwohVaoX,https://open.spotify.com/artist/1zNqDE7qDGCsyzJwohVaoX,11733290,pop,78,https://i.scdn.co/image/ab6761610000e5eb67013e289b84440ce3d1c88e
The Vamps,7gAppWoH7pcYmphCVTXkzs,https://open.spotify.com/artist/7gAppWoH7pcYmphCVTXkzs,5785952,"boy band, pop",65,https://i.scdn.co/image/ab6761610000e5eb77ef80571a40d9d19cf52208
Holly Humberstone,0nnYdIpahs41QiZ9MWp5Wx,https://open.spotify.com/artist/0nnYdIpahs41QiZ9MWp5Wx,240286,"alt z, indie pop, modern alternative pop, uk pop",61,https://i.scdn.co/image/ab6761610000e5eb8975c5e610eb94b89c576161
Hayley Kiyoko,3LjhVl7GzYsza1biQjTpaN,https://open.spotify.com/artist/3LjhVl7GzYsza1biQjTpaN,1654302,"alt z, indie poptimism, pop",58,https://i.scdn.co/image/ab6761610000e5eb9518c52fa035e0cfb3d29724
Jojo Siwa (Kids),3Iq6waFNaQnjLjEjp2l3nc,https://open.spotify.com/artist/3Iq6waFNaQnjLjEjp2l3nc,521931,movie tunes,50,https://i.scdn.co/image/ab6761610000e5eb5fafe669290dd825da1b118e
Cavetown,2hR4h1Cao2ueuI7Cx9c7V8,https://open.spotify.com/artist/2hR4h1Cao2ueuI7Cx9c7V8,4043692,"bedroom pop, indie pop, pov: indie",70,https://i.scdn.co/image/ab6761610000e5ebef138aa4569dba63ee549997
Joshua Bassett,4VdV2qRAYBLINR6uU72V1J,https://open.spotify.com/artist/4VdV2qRAYBLINR6uU72V1J,1053299,singer-songwriter pop,58,https://i.scdn.co/image/ab6761610000e5ebfa60d9987b4aed40b4b0073c
Lauren Jauregui,3J0BpFVUc9LeOIVeN5uNhU,https://open.spotify.com/artist/3J0BpFVUc9LeOIVeN5uNhU,1278014,r&b,53,https://i.scdn.co/image/ab6761610000e5ebd5784ddbd71d5b8ed27fe4d7
Jennifer Lopez,2DlGxzQSjYe5N6G9nkYghR,https://open.spotify.com/artist/2DlGxzQSjYe5N6G9nkYghR,12739954,"dance pop, pop, urban contemporary",76,https://i.scdn.co/image/ab6761610000e5eb6c85a90c558ca8d368392f60
Sofia Wylie,0K0YUvOFH3TVILvIPBfeYN,https://open.spotify.com/artist/0K0YUvOFH3TVILvIPBfeYN,76003,movie tunes,40,https://i.scdn.co/image/ab6761610000e5eb22819b1a0cf6c59890f46fd7
Benson Boone,22wbnEMDvgVIAGdFeek6ET,https://open.spotify.com/artist/22wbnEMDvgVIAGdFeek6ET,2069156,singer-songwriter pop,86,https://i.scdn.co/image/ab6761610000e5ebb2ce21a89c09c00d80d8ca25
3OH!3,0FWzNDaEu9jdgcYTbcOa4F,https://open.spotify.com/artist/0FWzNDaEu9jdgcYTbcOa4F,962259,"dance pop, electropowerpop, pop punk, pop rap, post-teen pop",63,https://i.scdn.co/image/ab6761610000e5eb88c0f267b7c826cce063ff95
Charli XCX,25uiPmTg16RbhZWAqwLBy5,https://open.spotify.com/artist/25uiPmTg16RbhZWAqwLBy5,3097583,"art pop, candy pop, metropopolis, pop, uk pop",77,https://i.scdn.co/image/ab6761610000e5eb936885667ef44c306483c838
Kehlani,0cGUm45nv7Z6M6qdXYQGTX,https://open.spotify.com/artist/0cGUm45nv7Z6M6qdXYQGTX,7550368,"pop, r&b, rap",73,https://i.scdn.co/image/ab6761610000e5eb257217c67faea40445b21169
Maroon 5,04gDigrS5kc9YWfZHwBETP,https://open.spotify.com/artist/04gDigrS5kc9YWfZHwBETP,41182700,pop,85,https://i.scdn.co/image/ab6761610000e5ebf8349dfb619a7f842242de77
beabadoobee,35l9BRT7MXmM8bv2WDQiyB,https://open.spotify.com/artist/35l9BRT7MXmM8bv2WDQiyB,3321587,"bedroom pop, bubblegrunge, indie pop, pov: indie",76,https://i.scdn.co/image/ab6761610000e5eb9d6d0ba276987f19641c27de
Sia,5WUlDfRSoLAfcVSX1WnrxN,https://open.spotify.com/artist/5WUlDfRSoLAfcVSX1WnrxN,27580865,"australian dance, australian pop, pop",84,https://i.scdn.co/image/ab6761610000e5eb7c997fe6951bc0926f09ba38
Jess Glynne,4ScCswdRlyA23odg9thgIO,https://open.spotify.com/artist/4ScCswdRlyA23odg9thgIO,3021449,"dance pop, pop, uk pop",73,https://i.scdn.co/image/ab6761610000e5eba52d6095be04ca6691ba9a96
will.i.am,085pc2PYOi8bGKj0PNjekA,https://open.spotify.com/artist/085pc2PYOi8bGKj0PNjekA,4080563,"dance pop, pop",73,https://i.scdn.co/image/ab6761610000e5ebc9ab8da6f7a3ce02f0b16fd8
Larry Saperstein,3kVNx1UKVbk2KGkFECQRf0,https://open.spotify.com/artist/3kVNx1UKVbk2KGkFECQRf0,19723,,16,https://i.scdn.co/image/ab6761610000e5eb26651044613435af79b8c5fe
Miranda Cosgrove,3SYGWAHCe31oykdeUPpoJp,https://open.spotify.com/artist/3SYGWAHCe31oykdeUPpoJp,1225124,post-teen pop,46,https://i.scdn.co/image/373d8256edbe4a85bf8212817b96471cef4af400
Doja Cat,5cj0lLjcoR7YOSnhnX0Po5,https://open.spotify.com/artist/5cj0lLjcoR7YOSnhnX0Po5,29344658,"dance pop, pop",87,https://i.scdn.co/image/ab6761610000e5ebe94f88ff74ae4ddcab961f97
Little Mix,3e7awlrlDSwF3iM0WBjGMp,https://open.spotify.com/artist/3e7awlrlDSwF3iM0WBjGMp,11792360,"girl group, pop, talent show, uk pop",74,https://i.scdn.co/image/ab6761610000e5eb08cd53940cbf5813ee5fe565
Chase Atlantic,7cYEt1pqMgXJdq00hAwVpT,https://open.spotify.com/artist/7cYEt1pqMgXJdq00hAwVpT,6948020,alternative r&b,79,https://i.scdn.co/image/ab6761610000e5eb559c24d0f169d3fc107e3932
Steve Lacy,57vWImR43h4CaDao012Ofp,https://open.spotify.com/artist/57vWImR43h4CaDao012Ofp,4424205,afrofuturism,80,https://i.scdn.co/image/ab6761610000e5eb09ac9d040c168d4e4f58eb42
Tove Lo,4NHQUGzhtTLFvgF5SZesLK,https://open.spotify.com/artist/4NHQUGzhtTLFvgF5SZesLK,3536365,"dance pop, metropopolis, pop, swedish electropop, swedish pop, swedish synthpop",73,https://i.scdn.co/image/ab6761610000e5ebf43f1646fe2bffb471b25e17
Conan Gray,4Uc8Dsxct0oMqx0P6i60ea,https://open.spotify.com/artist/4Uc8Dsxct0oMqx0P6i60ea,9455023,"bedroom pop, pop, pov: indie",80,https://i.scdn.co/image/ab6761610000e5ebc1c8fa15e08cb31eeb03b771
Katy Perry,6jJ0s89eD6GaHleKKya26X,https://open.spotify.com/artist/6jJ0s89eD6GaHleKKya26X,32439191,pop,84,https://i.scdn.co/image/ab6761610000e5ebdc9dcb7e4a97b4552e1224d6
Jhené Aiko,5ZS223C6JyBfXasXxrRqOk,https://open.spotify.com/artist/5ZS223C6JyBfXasXxrRqOk,7509002,r&b,78,https://i.scdn.co/image/ab6761610000e5ebbc7ca5ae34cffbb572660ee3
Bryson Tiller,2EMAnMvWE2eb56ToJVfCWs,https://open.spotify.com/artist/2EMAnMvWE2eb56ToJVfCWs,8200685,"kentucky hip hop, r&b, rap",83,https://i.scdn.co/image/ab6761610000e5eb078fdd734b7f0aa782328428
Nicki Minaj,0hCNtLu0JehylgoiP8L4Gh,https://open.spotify.com/artist/0hCNtLu0JehylgoiP8L4Gh,30769334,"hip pop, pop, queens hip hop, rap",87,https://i.scdn.co/image/ab6761610000e5eb07a50f0a9a8f11e5a1102cbd
Troye Sivan,3WGpXCj9YhhfX11TToZcXP,https://open.spotify.com/artist/3WGpXCj9YhhfX11TToZcXP,8103049,"australian pop, pop, viral pop",79,https://i.scdn.co/image/ab6761610000e5eb26e8cb3ff6fc7744b312811b
Booboo Stewart,4A6cd63FWHbCLqk9mtGUZZ,https://open.spotify.com/artist/4A6cd63FWHbCLqk9mtGUZZ,41348,movie tunes,61,https://i.scdn.co/image/ab6772690000c46ca8c2cf8055dfb5cb8cd0c061
Debby Ryan,2ftL3sXW7KDOBfVda7IXyA,https://open.spotify.com/artist/2ftL3sXW7KDOBfVda7IXyA,520126,post-teen pop,32,https://i.scdn.co/image/ab6761610000e5eb90b855a59cc76fc5d49b3fc8
Victoria Justice,2OTfr6S2kuHRYStjt1IkY6,https://open.spotify.com/artist/2OTfr6S2kuHRYStjt1IkY6,929791,post-teen pop,59,https://i.scdn.co/image/ab6761610000e5eb2e3694f4887f5db7e47c214c
Clean Bandit,6MDME20pz9RveH9rEXvrOM,https://open.spotify.com/artist/6MDME20pz9RveH9rEXvrOM,5364818,"pop, uk dance, uk funky",74,https://i.scdn.co/image/ab6761610000e5ebdaed24d10b1ac9addfb8a9f1
Vanessa Hudgens,6G9bygHlCyPgNGxK2l3YdE,https://open.spotify.com/artist/6G9bygHlCyPgNGxK2l3YdE,1932839,"dance pop, pop, post-teen pop",61,https://i.scdn.co/image/d069c20515bc253f807a447c195e785beec89b47
boygenius,1hLiboQ98IQWhpKeP9vRFw,https://open.spotify.com/artist/1hLiboQ98IQWhpKeP9vRFw,857955,indie pop,69,https://i.scdn.co/image/ab6761610000e5eb1a6373c01e8b86e289859f57
Kate Reinders,5iEmISzYjAAPXDheLBOmM2,https://open.spotify.com/artist/5iEmISzYjAAPXDheLBOmM2,24577,movie tunes,30,https://i.scdn.co/image/ab67616d0000b2733ce344a0a07d6bbf7bb63172
"Tyler, The Creator",4V8LLVI7PbaPR0K2TGSxFF,https://open.spotify.com/artist/4V8LLVI7PbaPR0K2TGSxFF,14535098,"hip hop, rap",85,https://i.scdn.co/image/ab6761610000e5eb8278b782cbb5a3963db88ada
Megan Thee Stallion,181bsRPaVXVlUKXrxwZfHK,https://open.spotify.com/artist/181bsRPaVXVlUKXrxwZfHK,8879067,"houston rap, pop, r&b, rap, trap queen",78,https://i.scdn.co/image/ab6761610000e5eb6fcd1b700654bccf1adee3ed
Maisie Peters,2RVvqRBon9NgaGXKfywDSs,https://open.spotify.com/artist/2RVvqRBon9NgaGXKfywDSs,599010,"alt z, uk pop",64,https://i.scdn.co/image/ab6761610000e5eb8b521134ae0ba3f60aab6811
Reneé Rapp,2hUYKu1x0UZQXvzCmggvSn,https://open.spotify.com/artist/2hUYKu1x0UZQXvzCmggvSn,765710,"alt z, singer-songwriter pop",74,https://i.scdn.co/image/ab6761610000e5eb4aed33b212aa2368af8818bf
Ashnikko,3PyJHH2wyfQK3WZrk9rpmP,https://open.spotify.com/artist/3PyJHH2wyfQK3WZrk9rpmP,2251265,"alt z, escape room",68,https://i.scdn.co/image/ab6761610000e5eb200914459687748118b36954
Queen Naija,3nViOFa3kZW8OMSNOzwr98,https://open.spotify.com/artist/3nViOFa3kZW8OMSNOzwr98,3013631,"pop r&b, r&b",60,https://i.scdn.co/image/ab6761610000e5eb89ce5e0c3069b1fedd827098
Fifth Harmony,1l8Fu6IkuTP0U5QetQJ5Xt,https://open.spotify.com/artist/1l8Fu6IkuTP0U5QetQJ5Xt,16019805,"girl group, pop, talent show",69,https://i.scdn.co/image/ab6761610000e5eb5acb3cb0a8b87d3952738b97
Olivia Holt,188VINPQh5dyNfLUkevKqf,https://open.spotify.com/artist/188VINPQh5dyNfLUkevKqf,1111490,post-teen pop,45,https://i.scdn.co/image/ab6761610000e5eb78f5b8a5f2e1d6e30d6230b9
Avril Lavigne,0p4nmQO2msCgU4IF37Wi3j,https://open.spotify.com/artist/0p4nmQO2msCgU4IF37Wi3j,10714530,"canadian pop, candy pop, dance pop, pop",76,https://i.scdn.co/image/ab6761610000e5eb581efa688945cbb092df1726
Bazzi,4GvEc3ANtPPjt1ZJllr5Zl,https://open.spotify.com/artist/4GvEc3ANtPPjt1ZJllr5Zl,5443805,pop,69,https://i.scdn.co/image/ab6761610000e5eb2491594c8f731523e085d84a
Melanie Martinez,63yrD80RY3RNEM2YDpUpO8,https://open.spotify.com/artist/63yrD80RY3RNEM2YDpUpO8,19783370,"alt z, electropop, pop",80,https://i.scdn.co/image/ab6761610000e5eb77ecd63aaebe2225b07c89f0
Lauren Spencer Smith,79AyR6ATpj2LTPxfb6FX50,https://open.spotify.com/artist/79AyR6ATpj2LTPxfb6FX50,1366348,"alt z, gen z singer-songwriter, singer-songwriter pop",69,https://i.scdn.co/image/ab6761610000e5eb76fc181e7fd2f8332ae88e13
"Tyler, The Creator",4V8LLVI7PbaPR0K2TGSxFF,https://open.spotify.com/artist/4V8LLVI7PbaPR0K2TGSxFF,14535098,"hip hop, rap",85,https://i.scdn.co/image/ab6761610000e5eb8278b782cbb5a3963db88ada
Fergie,3r17AfJCCUqC9Lf0OAc73G,https://open.spotify.com/artist/3r17AfJCCUqC9Lf0OAc73G,5645026,"dance pop, pop",69,https://i.scdn.co/image/ab6761610000e5eb1fd1c6d465e03a904d63c9b5
Olivia Rodrigo,1McMsnEElThX1knmY4oliG,https://open.spotify.com/artist/1McMsnEElThX1knmY4oliG,34716051,pop,90,https://i.scdn.co/image/ab6761610000e5ebe03a98785f3658f0b6461ec4
Zendaya,6sCbFbEjbYepqswM1vWjjs,https://open.spotify.com/artist/6sCbFbEjbYepqswM1vWjjs,4567108,"pop, post-teen pop",69,https://i.scdn.co/image/fba29219867535aaed72b65c2cb363040cb98103
Alessia Cara,2wUjUUtkb5lvLKcGKsKqsR,https://open.spotify.com/artist/2wUjUUtkb5lvLKcGKsKqsR,11749839,"canadian contemporary r&b, canadian pop, pop",72,https://i.scdn.co/image/ab6761610000e5ebe74b7398634a741f74858dc7
Rita Ora,5CCwRZC6euC8Odo6y9X8jr,https://open.spotify.com/artist/5CCwRZC6euC8Odo6y9X8jr,8240259,"dance pop, pop, uk pop",72,https://i.scdn.co/image/ab6761610000e5eb40aa25269cc326b0f97c8ae2
Phoebe Bridgers,1r1uxoy19fzMxunt3ONAkG,https://open.spotify.com/artist/1r1uxoy19fzMxunt3ONAkG,2310140,"indie pop, la indie, pov: indie",78,https://i.scdn.co/image/ab6761610000e5eb626686e362d30246e816cc5b
Spice Girls,0uq5PttqEjj3IH1bzwcrXF,https://open.spotify.com/artist/0uq5PttqEjj3IH1bzwcrXF,3508033,"dance pop, girl group, pop",68,https://i.scdn.co/image/ab6761610000e5eb2e91ffbba84e8e94bafbc6d7
Adrian Lyles,3R5yFx0z6UkzAiNHCeBqUY,https://open.spotify.com/artist/3R5yFx0z6UkzAiNHCeBqUY,12327,movie tunes,29,https://i.scdn.co/image/ab6761610000e5ebe96cc50c760f4ecc65770c36
One Direction,4AK6F7OLvEQ5QYCBNiQWHq,https://open.spotify.com/artist/4AK6F7OLvEQ5QYCBNiQWHq,34539891,"boy band, pop, post-teen pop, talent show",84,https://i.scdn.co/image/5bb443424a1ad71603c43d67f5af1a04da6bb3c8
Julia Lester,5aTwY2xyrJy4cS1jlFg1oG,https://open.spotify.com/artist/5aTwY2xyrJy4cS1jlFg1oG,65648,movie tunes,48,https://i.scdn.co/image/ab67616d0000b2730bf49fafbe98b7a14a978168
Normani,2cWZOOzeOm4WmBJRnD5R7I,https://open.spotify.com/artist/2cWZOOzeOm4WmBJRnD5R7I,2644497,"pop, r&b",68,https://i.scdn.co/image/ab6761610000e5ebdc6e85ec0f93f5b2cf475487
H.E.R.,3Y7RZ31TRPVadSFVy1o8os,https://open.spotify.com/artist/3Y7RZ31TRPVadSFVy1o8os,7407882,"r&b, rap",75,https://i.scdn.co/image/ab6761610000e5eb417db49cde3ed1c5a65e3514
Ricky Montgomery,0ZUvK7zGdXLd78mQr3t1Tw,https://open.spotify.com/artist/0ZUvK7zGdXLd78mQr3t1Tw,1789922,"la indie, pop, pov: indie",68,https://i.scdn.co/image/ab6761610000e5ebf58e9b5e32b7478fa05c685e
5 Seconds of Summer,5Rl15oVamLq7FbSb0NNBNy,https://open.spotify.com/artist/5Rl15oVamLq7FbSb0NNBNy,9838262,"boy band, pop",77,https://i.scdn.co/image/ab6761610000e5eb5048d9616b459ef90f04b6d8
Sofia Carson,7bp2lSdh12wcA8LyB1srfJ,https://open.spotify.com/artist/7bp2lSdh12wcA8LyB1srfJ,3562029,pop,66,https://i.scdn.co/image/ab6761610000e5eba26cb5b1e204b1049ec4d6cb
Lorde,163tK9Wjr9P9DmM0AVK7lm,https://open.spotify.com/artist/163tK9Wjr9P9DmM0AVK7lm,9930589,"art pop, metropopolis, nz pop, pop",76,https://i.scdn.co/image/ab6761610000e5ebc4902f080d3620b3e6da80c3
Mimi Webb,3GxKJzJK4LpsYGXQrw77wz,https://open.spotify.com/artist/3GxKJzJK4LpsYGXQrw77wz,355381,"alt z, gen z singer-songwriter, uk pop",60,https://i.scdn.co/image/ab6761610000e5eb048d720b4e7faef959f8a2c3
Ava Max,4npEfmQ6YuiwW1GpUmaq3F,https://open.spotify.com/artist/4npEfmQ6YuiwW1GpUmaq3F,6686476,pop,80,https://i.scdn.co/image/ab6761610000e5ebf4827e6db5b9b3ada7888dee
Mac DeMarco,3Sz7ZnJQBIHsXLUSo0OQtM,https://open.spotify.com/artist/3Sz7ZnJQBIHsXLUSo0OQtM,5602173,"edmonton indie, lo-fi indie, pov: indie",80,https://i.scdn.co/image/ab6761610000e5eb3cef7752073cbbd2cc04c6f0
Julia Michaels,0ZED1XzwlLHW4ZaG4lOT6m,https://open.spotify.com/artist/0ZED1XzwlLHW4ZaG4lOT6m,5034737,pop,73,https://i.scdn.co/image/ab6761610000e5eb2c17882893491af059fb867e
Sadie Jean,0sMAHzxguan2KpnKFZPW2d,https://open.spotify.com/artist/0sMAHzxguan2KpnKFZPW2d,217017,"alt z, singer-songwriter pop",63,https://i.scdn.co/image/ab6761610000e5eb8693fde568c54b87ac0e2e73
Black Eyed Peas,1yxSLGMDHlW21z4YXirZDS,https://open.spotify.com/artist/1yxSLGMDHlW21z4YXirZDS,7990127,"dance pop, pop, pop rap",80,https://i.scdn.co/image/ab6761610000e5ebabab30b094128cf4c0f2cef1
Paramore,74XFHRwlV6OrjEM0A2NCMF,https://open.spotify.com/artist/74XFHRwlV6OrjEM0A2NCMF,8353355,"candy pop, modern rock, pixie, pop, pop emo, pop punk, rock",78,https://i.scdn.co/image/ab6761610000e5ebb10c34546a4ca2d7faeb8865
Clairo,3l0CmX0FuQjFxr8SK7Vqag,https://open.spotify.com/artist/3l0CmX0FuQjFxr8SK7Vqag,4646801,"bedroom pop, indie pop, pov: indie",77,https://i.scdn.co/image/ab6761610000e5eb370f4e30deba6da178db36fe
Taylor Swift,06HL4z0CvFAxyc27GXpf02,https://open.spotify.com/artist/06HL4z0CvFAxyc27GXpf02,106719591,pop,100,https://i.scdn.co/image/ab6761610000e5ebe672b5f553298dcdccb0e676
Louis Tomlinson,57WHJIHrjOE3iAxpihhMnp,https://open.spotify.com/artist/57WHJIHrjOE3iAxpihhMnp,7025971,pop,65,https://i.scdn.co/image/ab6761610000e5ebe169df750e95452a1de99692
Olivia O'Brien,1QRj3hoop9Mv5VvHQkwPEp,https://open.spotify.com/artist/1QRj3hoop9Mv5VvHQkwPEp,2023496,"alt z, pop",64,https://i.scdn.co/image/ab6761610000e5eb49df8b861fa8ae1bf2e2cd32
PinkPantheress,78rUTD7y6Cy67W1RVzYs7t,https://open.spotify.com/artist/78rUTD7y6Cy67W1RVzYs7t,3164202,bedroom pop,76,https://i.scdn.co/image/ab6761610000e5eb90ddbcd825c7b6142d269e26
Eyedress,3XxNRirzbjfLdDli06zMaB,https://open.spotify.com/artist/3XxNRirzbjfLdDli06zMaB,1830727,"noise pop, pov: indie",76,https://i.scdn.co/image/ab6761610000e5ebeb171b752d26b72912c5fed0
Dua Lipa,6M2wZ9GZgrQXHCFfjv46we,https://open.spotify.com/artist/6M2wZ9GZgrQXHCFfjv46we,42974921,"dance pop, pop, uk pop",88,https://i.scdn.co/image/ab6761610000e5eb0c68f6c95232e716f0abee8d
Joe Jonas,7gbmX8SsfjEjxDMzBi1ZOL,https://open.spotify.com/artist/7gbmX8SsfjEjxDMzBi1ZOL,1672429,"pop, post-teen pop",56,https://i.scdn.co/image/ab6761610000e5eb60c3dfeaf74e5fa11954a0a6
Charlotte Lawrence,7LImGq5KnzQobZciDJpeJb,https://open.spotify.com/artist/7LImGq5KnzQobZciDJpeJb,1181800,alt z,57,https://i.scdn.co/image/ab6761610000e5eb7f81c7ffa7aed39adb7876b6
Ariana Grande,66CXWjxzNUsdJxJ2JdwvnR,https://open.spotify.com/artist/66CXWjxzNUsdJxJ2JdwvnR,95650823,pop,95,https://i.scdn.co/image/ab6761610000e5eb40b5c07ab77b6b1a9075fdc0
McClain Sisters,6oW9KRAZbC1xOlmg2RRyFL,https://open.spotify.com/artist/6oW9KRAZbC1xOlmg2RRyFL,308838,"movie tunes, post-teen pop",32,https://i.scdn.co/image/ab67616d0000b2739db63a36de9811ac0dd7ef45
Ayesha Erotica,7M5pDtJpCdnftEQZtczYco,https://open.spotify.com/artist/7M5pDtJpCdnftEQZtczYco,826877,,60,https://i.scdn.co/image/ab6761610000e5eb55f08d033ac40b872c2a017c
Frank Ocean,2h93pZq0e7k5yf4dywlkpM,https://open.spotify.com/artist/2h93pZq0e7k5yf4dywlkpM,13407651,"lgbtq+ hip hop, neo soul",85,https://i.scdn.co/image/ab6761610000e5ebee3123e593174208f9754fab
Tate McRae,45dkTj5sMRSjrmBSBeiHym,https://open.spotify.com/artist/45dkTj5sMRSjrmBSBeiHym,5106049,pop,85,https://i.scdn.co/image/ab6761610000e5eb846308bf9bf7d3183958b3a6
Cast of High School Musical: The Musical: The Series,1YWJ1WjMkBCB1X3QOJ1Wdn,https://open.spotify.com/artist/1YWJ1WjMkBCB1X3QOJ1Wdn,217885,movie tunes,47,https://i.scdn.co/image/ab6761610000e5ebf8c3f9ca06d5099d0a9721ae
Beach Bunny,2vnB6tuQMaQpORiRdvXF9H,https://open.spotify.com/artist/2vnB6tuQMaQpORiRdvXF9H,1380430,"bubblegrunge, chicago indie, indie pop, pov: indie",69,https://i.scdn.co/image/ab6761610000e5ebbf42b607fb398365296230b0
Jessie Murph,2yLzlEFtIS0Q9UkyBZdQA7,https://open.spotify.com/artist/2yLzlEFtIS0Q9UkyBZdQA7,913248,"modern country pop, singer-songwriter pop",73,https://i.scdn.co/image/ab6761610000e5eb7700f9e2fad4e7b78f762a64
Billie Eilish,6qqNVTkY8uBg9cP3Jd7DAH,https://open.spotify.com/artist/6qqNVTkY8uBg9cP3Jd7DAH,93188793,"art pop, pop",88,https://i.scdn.co/image/ab6761610000e5eb4a21b4760d2ecb7b0dcdc8da
Harry Styles,6KImCVD70vtIoJWnq6nGn3,https://open.spotify.com/artist/6KImCVD70vtIoJWnq6nGn3,31683693,pop,85,https://i.scdn.co/image/ab6761610000e5ebf7db7c8ede90a019c54590bb
Ellie Goulding,0X2BH1fck6amBIoJhDVmmJ,https://open.spotify.com/artist/0X2BH1fck6amBIoJhDVmmJ,12291815,"indietronica, metropopolis, pop, uk pop",79,https://i.scdn.co/image/ab6761610000e5ebc3cd7dc428871e8985d62b9a
Nessa Barrett,7pwufEBGfggjoI8twqlsmQ,https://open.spotify.com/artist/7pwufEBGfggjoI8twqlsmQ,1274511,"alt z, social media pop",66,https://i.scdn.co/image/ab6761610000e5ebb5cb271118f3dcc7c6e4ab64
Current Joys,0m5FakHKCQdA7UN0PIzMcL,https://open.spotify.com/artist/0m5FakHKCQdA7UN0PIzMcL,1215877,"lo-fi indie, pov: indie",69,https://i.scdn.co/image/ab6761610000e5eb268ad6ebc1d6008fe6d89d74
Bhad Bhabie,7DuTB6wdzqFJGFLSH17k8e,https://open.spotify.com/artist/7DuTB6wdzqFJGFLSH17k8e,3355198,"trap queen, viral rap",56,https://i.scdn.co/image/ab6761610000e5eb32f6eec95752845078cbf24e
Bea Miller,1o2NpYGqHiCq7FoiYdyd1x,https://open.spotify.com/artist/1o2NpYGqHiCq7FoiYdyd1x,3109813,"alt z, pop, talent show",65,https://i.scdn.co/image/ab6761610000e5ebdaaf5f75751b6379c108993c
Niall Horan,1Hsdzj7Dlq2I7tHP7501T4,https://open.spotify.com/artist/1Hsdzj7Dlq2I7tHP7501T4,9821407,pop,77,https://i.scdn.co/image/ab6761610000e5ebeccc1cde8e9fdcf1c9289897
Cher Lloyd,4m4SfDVbF5wxrwEjDKgi4k,https://open.spotify.com/artist/4m4SfDVbF5wxrwEjDKgi4k,2585009,"dance pop, pop, post-teen pop, talent show",59,https://i.scdn.co/image/ab6761610000e5ebb5231a91bb97ad31e3607f30
Laura Marano,21mgsWjJ4TmBxsUKexjJPT,https://open.spotify.com/artist/21mgsWjJ4TmBxsUKexjJPT,958440,post-teen pop,42,https://i.scdn.co/image/ab6761610000e5ebf869aa08be6a2065f6575e49
Mabel,1MIVXf74SZHmTIp4V4paH4,https://open.spotify.com/artist/1MIVXf74SZHmTIp4V4paH4,1978817,"pop, uk pop",66,https://i.scdn.co/image/ab6761610000e5eb76727262a3ebe73ccb1a7958
Jennette McCurdy,3AoFRPmkjP1WTi2Zu7gbZV,https://open.spotify.com/artist/3AoFRPmkjP1WTi2Zu7gbZV,639054,post-teen pop,24,https://i.scdn.co/image/38965831434a09baee22d25010cd360fe84628df
The Chainsmokers,69GGBxA162lTqCwzJG5jLp,https://open.spotify.com/artist/69GGBxA162lTqCwzJG5jLp,19996940,pop,81,https://i.scdn.co/image/ab6761610000e5eb9c0f09a8247c54ecba74819d
Monster High,43niWwvn8OX1HmJLXu4aLV,https://open.spotify.com/artist/43niWwvn8OX1HmJLXu4aLV,387110,"movie tunes, otacore",57,https://i.scdn.co/image/ab6761610000e5eba26c5d6f82e579733e0548e0
Jessica Simpson,2tFN9ubMXEhdAQvdQxcsma,https://open.spotify.com/artist/2tFN9ubMXEhdAQvdQxcsma,1272601,"dance pop, post-teen pop",47,https://i.scdn.co/image/82af2788a1423143a5edd5ec1c3301df85717590
node: project,7JPL3e4Dihj4HqwMU1RIZH,https://open.spotify.com/artist/7JPL3e4Dihj4HqwMU1RIZH,1247,calming instrumental,30,https://i.scdn.co/image/ab67616d0000b273b0c72de37da0feccaa2d2343
Jordin Sparks,2AQjGvtT0pFYfxR3neFcvz,https://open.spotify.com/artist/2AQjGvtT0pFYfxR3neFcvz,2363270,"dance pop, pop, post-teen pop, urban contemporary",61,https://i.scdn.co/image/ab6761610000e5eb19436426207ba83da96e5c1e
Charlie Puth,6VuMaDnrHyPL1p4EHjYLi7,https://open.spotify.com/artist/6VuMaDnrHyPL1p4EHjYLi7,22344729,"pop, viral pop",80,https://i.scdn.co/image/ab6761610000e5ebf83823555da55fd07555fbd0
Justin Bieber,1uNFoZAHBGtllmzznpCI3s,https://open.spotify.com/artist/1uNFoZAHBGtllmzznpCI3s,74379769,"canadian pop, pop",89,https://i.scdn.co/image/ab6761610000e5eb8ae7f2aaa9817a704a87ea36
Dara Reneé,7BtVR5EyH1mjLM5bjXUD5s,https://open.spotify.com/artist/7BtVR5EyH1mjLM5bjXUD5s,27230,movie tunes,33,https://i.scdn.co/image/ab67616d0000b2730f9e8f6c7e4f40ec40810b3c
Kash Doll,3u579Gdap91lMptBSdXTpf,https://open.spotify.com/artist/3u579Gdap91lMptBSdXTpf,1296181,"detroit hip hop, trap queen",49,https://i.scdn.co/image/ab6761610000e5eb0c7a456099d18739a0b8b8be
Natasha Bedingfield,7o95ZoZt5ZYn31e9z1Hc0a,https://open.spotify.com/artist/7o95ZoZt5ZYn31e9z1Hc0a,1719659,"dance pop, pop, post-teen pop",76,https://i.scdn.co/image/ab6761610000e5eb15f48264917c2b09a573ecc7
Selena Gomez,0C8ZW7ezQVs4URX5aX7Kqx,https://open.spotify.com/artist/0C8ZW7ezQVs4URX5aX7Kqx,48777809,"pop, post-teen pop",82,https://i.scdn.co/image/ab6761610000e5ebc3c753851496854e29abff7a
DNCE,6T5tfhQCknKG4UnH90qGnz,https://open.spotify.com/artist/6T5tfhQCknKG4UnH90qGnz,4518217,"dance pop, pop",68,https://i.scdn.co/image/ab6761610000e5ebf516ed43c65fe21e21a7c5bd
Rihanna,5pKCCKE2ajJHZ9KAiaK11H,https://open.spotify.com/artist/5pKCCKE2ajJHZ9KAiaK11H,59181029,"barbadian pop, pop, urban contemporary",91,https://i.scdn.co/image/ab6761610000e5eb99e4fca7c0b7cb166d915789
James Arthur,4IWBUUAFIplrNtaOHcJPRM,https://open.spotify.com/artist/4IWBUUAFIplrNtaOHcJPRM,16278044,"pop, talent show, uk pop",82,https://i.scdn.co/image/ab6761610000e5eb2a0c6d0343c82be9dd6fce0b
Johnny Orlando,6aX6KqXgEcARRHwvWxHcFW,https://open.spotify.com/artist/6aX6KqXgEcARRHwvWxHcFW,830722,"canadian pop, singer-songwriter pop, social media pop",56,https://i.scdn.co/image/ab6761610000e5ebc4e3e690d7e1d1cd06692a32
Taio Cruz,6MF9fzBmfXghAz953czmBC,https://open.spotify.com/artist/6MF9fzBmfXghAz953czmBC,2187169,"dance pop, pop, pop rap",70,https://i.scdn.co/image/ab6761610000e5eb153171480a6f22912253b9f1
Dean Lewis,3QSQFmccmX81fWCUSPTS7y,https://open.spotify.com/artist/3QSQFmccmX81fWCUSPTS7y,3075206,"australian pop, pop",76,https://i.scdn.co/image/ab6761610000e5eb891372380d287ac28e80d72a
Alec Benjamin,5IH6FPUwQTxPSXurCrcIov,https://open.spotify.com/artist/5IH6FPUwQTxPSXurCrcIov,4966262,"alt z, pop, pov: indie",76,https://i.scdn.co/image/ab6761610000e5ebbfe1e006291c44c97ba1757b
Christina Perri,7H55rcKCfwqkyDFH9wpKM6,https://open.spotify.com/artist/7H55rcKCfwqkyDFH9wpKM6,3730354,pop,71,https://i.scdn.co/image/ab6761610000e5eb9bbbc124c9f0f75af892d97d
Miguel,360IAlyVv4PCEVjgyMZrxK,https://open.spotify.com/artist/360IAlyVv4PCEVjgyMZrxK,4979752,"r&b, urban contemporary",79,https://i.scdn.co/image/ab6761610000e5eb4669166b571594eade778990
Carly Rae Jepsen,6sFIWsNpZYqfjUpaCgueju,https://open.spotify.com/artist/6sFIWsNpZYqfjUpaCgueju,4859016,"canadian pop, dance pop, pop",72,https://i.scdn.co/image/ab6761610000e5eb8272bf414106646e0e4a89f3
Hailee Steinfeld,5p7f24Rk5HkUZsaS3BLG5F,https://open.spotify.com/artist/5p7f24Rk5HkUZsaS3BLG5F,8775574,pop,68,https://i.scdn.co/image/ab6761610000e5eba961383967f3a3a54e794a15
The Girl and The Dreamcatcher,1xVYxkSq6IWhFpSW1OMe41,https://open.spotify.com/artist/1xVYxkSq6IWhFpSW1OMe41,515692,post-teen pop,41,https://i.scdn.co/image/fb024a2bd61d343d178e9d96aed8aa10c2c8448d
Pia Mia,1BhWF9W2PngtPSyobKg0rP,https://open.spotify.com/artist/1BhWF9W2PngtPSyobKg0rP,1947202,"dance pop, pop, post-teen pop",57,https://i.scdn.co/image/ab6761610000e5eb2b3f3f0f0f3e5d27f60f0e44
Gracie Abrams,4tuJ0bMpJh08umKkEXKUI5,https://open.spotify.com/artist/4tuJ0bMpJh08umKkEXKUI5,1678505,alt z,75,https://i.scdn.co/image/ab6761610000e5eb416bd8a66bfcbc545c2009ac
Jenna Raine,3aHe9rMa5HFTjXHw8tEz0A,https://open.spotify.com/artist/3aHe9rMa5HFTjXHw8tEz0A,200150,"alt z, singer-songwriter pop",57,https://i.scdn.co/image/ab6761610000e5eb5d0418eb0168d6896bdce3f8
Austin Mahone,04abdnqPQe2N4fjztDea6z,https://open.spotify.com/artist/04abdnqPQe2N4fjztDea6z,1930658,"pop, post-teen pop",56,https://i.scdn.co/image/ab6761610000e5eb25cede027530fa5a185079d9
Zara Larsson,1Xylc3o4UrD53lo9CvFvVg,https://open.spotify.com/artist/1Xylc3o4UrD53lo9CvFvVg,10369249,"pop, scandipop, swedish electropop, swedish pop",78,https://i.scdn.co/image/ab6761610000e5eb7619ca2683b434e139040f70
Alicia Keys,3DiDSECUqqY1AuBP8qtaIa,https://open.spotify.com/artist/3DiDSECUqqY1AuBP8qtaIa,11504369,"neo soul, pop, r&b",79,https://i.scdn.co/image/ab6761610000e5ebebfd16a3bca87c31c1e20576
Suki Waterhouse,5GGJosGMs08YEmKTZJe1fL,https://open.spotify.com/artist/5GGJosGMs08YEmKTZJe1fL,623093,indie pop,69,https://i.scdn.co/image/ab6761610000e5eb3ce0e49616c5de9e318271c5
Cigarettes After Sex,1QAJqy2dA3ihHBFIHRphZj,https://open.spotify.com/artist/1QAJqy2dA3ihHBFIHRphZj,10604977,"ambient pop, dream pop, el paso indie, shoegaze",83,https://i.scdn.co/image/ab6761610000e5eb02f8a809f97454e67a648c67
Zedd,2qxJFvFYMEDqd7ui6kSAcq,https://open.spotify.com/artist/2qxJFvFYMEDqd7ui6kSAcq,5867817,"complextro, edm, german techno, pop, pop dance",74,https://i.scdn.co/image/ab6761610000e5ebf801e3d9ecb568a1c3c62393
Hannah Montana,7nU4hB040gTmHm45YYMvqc,https://open.spotify.com/artist/7nU4hB040gTmHm45YYMvqc,4647243,"pop, post-teen pop",62,https://i.scdn.co/image/ab6761610000e5eb6c851c42d7b31d0ad93d4b94
Penelope Scott,3u6lPufHw4Oww6D88rv6sB,https://open.spotify.com/artist/3u6lPufHw4Oww6D88rv6sB,1044492,"alt z, modern indie pop, pov: indie",62,https://i.scdn.co/image/ab6761610000e5ebdb6707d51f0b100220d54ea0
Lucy Hale,4gWAItIMhYCdD82T8tvv3T,https://open.spotify.com/artist/4gWAItIMhYCdD82T8tvv3T,605283,post-teen pop,41,https://i.scdn.co/image/ab6761610000e5eb76599145c5f5f9b3c5aba2af
Daya,6Dd3NScHWwnW6obMFbl1BH,https://open.spotify.com/artist/6Dd3NScHWwnW6obMFbl1BH,1566781,"alt z, pop",69,https://i.scdn.co/image/ab6761610000e5ebec8fc3ab9894dc3f5afef6f6
Beyoncé,6vWDO969PvNqNYHIOW5v0m,https://open.spotify.com/artist/6vWDO969PvNqNYHIOW5v0m,37011895,"pop, r&b",92,https://i.scdn.co/image/ab6761610000e5eb247f44069c0bd1781df2f785
node: project,7JPL3e4Dihj4HqwMU1RIZH,https://open.spotify.com/artist/7JPL3e4Dihj4HqwMU1RIZH,1247,calming instrumental,30,https://i.scdn.co/image/ab67616d0000b273b0c72de37da0feccaa2d2343
Adam Lambert,6prmLEyn4LfHlD9NnXWlf7,https://open.spotify.com/artist/6prmLEyn4LfHlD9NnXWlf7,1572631,"dance pop, idol, pop, post-teen pop",60,https://i.scdn.co/image/ab6761610000e5eb8fdab563d877a819d67d25fb
Matt Cornett,61lrTfBVPrE3DOTu9MGmhQ,https://open.spotify.com/artist/61lrTfBVPrE3DOTu9MGmhQ,57213,movie tunes,38,https://i.scdn.co/image/ab67616d0000b2736d38bbfd2631c232763e3ddf
Cameron Boyce,4uBD3fsHzb3IpOTGpicsbH,https://open.spotify.com/artist/4uBD3fsHzb3IpOTGpicsbH,73874,movie tunes,61,
Sara Kays,7Lk9V7E1u5gqSHmtcKlOqH,https://open.spotify.com/artist/7Lk9V7E1u5gqSHmtcKlOqH,417039,"alt z, gen z singer-songwriter, modern indie pop",59,https://i.scdn.co/image/ab6761610000e5eb4ab3b8df4648b303484a692d
Lizzy McAlpine,1GmsPCcpKgF9OhlNXjOsbS,https://open.spotify.com/artist/1GmsPCcpKgF9OhlNXjOsbS,876679,"alt z, boston folk, indie pop, singer-songwriter pop",74,https://i.scdn.co/image/ab6761610000e5ebb7e3d5ad48cc67f32a3a0930
Summer Walker,57LYzLEk2LcFghVwuWbcuS,https://open.spotify.com/artist/57LYzLEk2LcFghVwuWbcuS,6215979,"r&b, rap",80,https://i.scdn.co/image/ab6761610000e5ebfade412170364e8067c9df7a
Nick Jonas,4Rxn7Im3LGfyRkY2FlHhWi,https://open.spotify.com/artist/4Rxn7Im3LGfyRkY2FlHhWi,9754575,"dance pop, pop",64,https://i.scdn.co/image/ab6761610000e5eb780447f701c671015c2109a0
Daniel Caesar,20wkVLutqVOYrc0kxFs7rA,https://open.spotify.com/artist/20wkVLutqVOYrc0kxFs7rA,5582576,canadian contemporary r&b,81,https://i.scdn.co/image/ab6761610000e5ebe5bc630548fb3517cf90edb8
PARTYNEXTDOOR,2HPaUgqeutzr3jx5a9WyDV,https://open.spotify.com/artist/2HPaUgqeutzr3jx5a9WyDV,6362768,"r&b, rap, urban contemporary",79,https://i.scdn.co/image/ab6761610000e5eb4e3dee8baac75dad1fea791e
Ross Lynch,4UxLFBvSr4xMDpHe1lrLrH,https://open.spotify.com/artist/4UxLFBvSr4xMDpHe1lrLrH,1005875,post-teen pop,59,https://i.scdn.co/image/ab6761610000e5eba08747a34fc32f65b0da9868
Nick Jonas,4Rxn7Im3LGfyRkY2FlHhWi,https://open.spotify.com/artist/4Rxn7Im3LGfyRkY2FlHhWi,9754575,"dance pop, pop",64,https://i.scdn.co/image/ab6761610000e5eb780447f701c671015c2109a0
Lady Gaga,1HY2Jd0NmPuamShAr6KMms,https://open.spotify.com/artist/1HY2Jd0NmPuamShAr6KMms,29490179,"art pop, dance pop, pop",85,https://i.scdn.co/image/ab6761610000e5ebc8d3d98a1bccbe71393dbfbf
Jordan Fisher,60wslYioiBcxSTInM4nIy2,https://open.spotify.com/artist/60wslYioiBcxSTInM4nIy2,434092,"movie tunes, post-teen pop",58,https://i.scdn.co/image/ab6761610000e5ebbab4fa8cd8a2554bb062325d
Nicole Scherzinger,40xbWSB4JPdOkRyuTDy1oP,https://open.spotify.com/artist/40xbWSB4JPdOkRyuTDy1oP,2380085,"dance pop, pop, post-teen pop",61,https://i.scdn.co/image/ab6761610000e5eb13bcbecd7d8099a9d16403cc
Alan Walker,7vk5e3vY1uw9plTHJAMwjN,https://open.spotify.com/artist/7vk5e3vY1uw9plTHJAMwjN,38424977,electro house,81,https://i.scdn.co/image/ab6761610000e5ebbf753c009fd9c2d53351dd3c
Jonas Blue,1HBjj22wzbscIZ9sEb5dyf,https://open.spotify.com/artist/1HBjj22wzbscIZ9sEb5dyf,3724623,"pop, pop dance, tropical house, uk dance",74,https://i.scdn.co/image/ab6761610000e5eb7ba91b340b76d25e5e029d61
P!nk,1KCSPY1glIKqW2TotWuXOR,https://open.spotify.com/artist/1KCSPY1glIKqW2TotWuXOR,16401967,"dance pop, pop",81,https://i.scdn.co/image/ab6761610000e5eb7bbad89a61061304ec842588
Zac Efron,6U1dBXJhC8gXFjamvFTmHg,https://open.spotify.com/artist/6U1dBXJhC8gXFjamvFTmHg,811717,"hollywood, movie tunes, post-teen pop",68,https://i.scdn.co/image/735f581e4a58d772bd495494dceae99120ea0f4e
Nelly Furtado,2jw70GZXlAI8QzWeY2bgRc,https://open.spotify.com/artist/2jw70GZXlAI8QzWeY2bgRc,3775253,"canadian latin, canadian pop, dance pop, pop",77,https://i.scdn.co/image/ab6761610000e5eb4cf746b3348b3b0111056c11
Joe Serafini,6fu9TecMw6TInkRRyXObeu,https://open.spotify.com/artist/6fu9TecMw6TInkRRyXObeu,43164,movie tunes,32,https://i.scdn.co/image/ab6761610000e5eb550927b2b62cc8616f75dea2
Carrie Underwood,4xFUf1FHVy696Q1JQZMTRj,https://open.spotify.com/artist/4xFUf1FHVy696Q1JQZMTRj,5871667,"classic oklahoma country, contemporary country, country, country dawn, dance pop, pop",70,https://i.scdn.co/image/ab6761610000e5ebc1c077c305eb4b2bcac25fd5
Ashe,6P5NO5hzJbuOqSdyPB7SJM,https://open.spotify.com/artist/6P5NO5hzJbuOqSdyPB7SJM,1556294,alt z,69,https://i.scdn.co/image/ab6761610000e5eb6e2c026d1776ca2b30b328f5
McClain Sisters,6oW9KRAZbC1xOlmg2RRyFL,https://open.spotify.com/artist/6oW9KRAZbC1xOlmg2RRyFL,308838,"movie tunes, post-teen pop",32,https://i.scdn.co/image/ab67616d0000b2739db63a36de9811ac0dd7ef45
Jeremy Shada,5wcXTMooUetMp8uUNqC03W,https://open.spotify.com/artist/5wcXTMooUetMp8uUNqC03W,87467,,53,https://i.scdn.co/image/ab6761610000e5ebe3edea7d8753a836a4b01186
Madonna,6tbjWDEIzxoDsBA1FuhfPW,https://open.spotify.com/artist/6tbjWDEIzxoDsBA1FuhfPW,7598190,"dance pop, pop",81,https://i.scdn.co/image/ab6761610000e5eb4b36d28b55620959821f4a5b
Demi Lovato,6S2OmqARrzebs0tKUEyXyp,https://open.spotify.com/artist/6S2OmqARrzebs0tKUEyXyp,26257462,"pop, post-teen pop",77,https://i.scdn.co/image/ab6761610000e5ebcf674ecb51186e6408cd18c0
Christina Aguilera,1l7ZsJRRS8wlW3WfJfPfNS,https://open.spotify.com/artist/1l7ZsJRRS8wlW3WfJfPfNS,8081234,"dance pop, pop",77,https://i.scdn.co/image/ab6761610000e5eb371cba21c6962a457c550b81
Sarah Jeffery,0uqrdF1UCmMshSk6veOa5K,https://open.spotify.com/artist/0uqrdF1UCmMshSk6veOa5K,188566,movie tunes,51,https://i.scdn.co/image/ab6761610000e5ebb6c8a43fd9cf45bd0516bd3f
Liam Payne,5pUo3fmmHT8bhCyHE52hA6,https://open.spotify.com/artist/5pUo3fmmHT8bhCyHE52hA6,10047079,pop,63,https://i.scdn.co/image/ab6761610000e5eb4b2a3fffa1076ea1c920dcb2
Iggy Azalea,5yG7ZAZafVaAlMTeBybKAL,https://open.spotify.com/artist/5yG7ZAZafVaAlMTeBybKAL,6470658,"australian hip hop, dance pop, pop",68,https://i.scdn.co/image/ab6761610000e5eb698a6abf2897a8fc8283cc0c
Miley Cyrus,5YGY8feqx7naU7z4HrwZM6,https://open.spotify.com/artist/5YGY8feqx7naU7z4HrwZM6,23565079,pop,86,https://i.scdn.co/image/ab6761610000e5ebb4ba86c361191d48cbeb4b32
The Neighbourhood,77SW9BnxLY8rJ0RciFqkHh,https://open.spotify.com/artist/77SW9BnxLY8rJ0RciFqkHh,15823808,"modern alternative rock, modern rock, pop",83,https://i.scdn.co/image/ab6761610000e5ebdf0b5ac84376a0a4b2166816
Ciara,2NdeV5rLm47xAvogXrYhJX,https://open.spotify.com/artist/2NdeV5rLm47xAvogXrYhJX,6434052,"dance pop, hip pop, pop, r&b, urban contemporary",70,https://i.scdn.co/image/ab6761610000e5eb90e3fd86189f24d3f7dcb399
Giveon,4fxd5Ee7UefO4CUXgwJ7IP,https://open.spotify.com/artist/4fxd5Ee7UefO4CUXgwJ7IP,3676641,r&b,76,https://i.scdn.co/image/ab6761610000e5eb0219b6643b1ec449b0951bfe
Saweetie,6cK3NBO6uP7hh0oyuVELFl,https://open.spotify.com/artist/6cK3NBO6uP7hh0oyuVELFl,2147518,"cali rap, trap queen",70,https://i.scdn.co/image/ab6761610000e5eb3e5a833f1eeca81756cae77a
Adele,4dpARuHxo51G3z768sgnrY,https://open.spotify.com/artist/4dpARuHxo51G3z768sgnrY,54613863,"british soul, pop, pop soul, uk pop",85,https://i.scdn.co/image/ab6761610000e5eb68f6e5892075d7f22615bd17
Lexi Jayde,69761NObDw2KwmmFgZmxzC,https://open.spotify.com/artist/69761NObDw2KwmmFgZmxzC,168777,alt z,53,https://i.scdn.co/image/ab6761610000e5eb9ac6cba146568461099695f7
Noah Kahan,2RQXRUsr4IW1f3mKyKsy4B,https://open.spotify.com/artist/2RQXRUsr4IW1f3mKyKsy4B,2582689,pov: indie,87,https://i.scdn.co/image/ab6761610000e5eb336ec53126239813d38ff588
Destiny's Child,1Y8cdNmUJH7yBTd9yOvr5i,https://open.spotify.com/artist/1Y8cdNmUJH7yBTd9yOvr5i,7029172,"dance pop, girl group, pop, r&b, urban contemporary",72,https://i.scdn.co/image/ab6761610000e5ebf75e64532704bd6acf0b4e76
Lauv,5JZ7CnR6gTvEMKX4g70Amv,https://open.spotify.com/artist/5JZ7CnR6gTvEMKX4g70Amv,6130988,pop,76,https://i.scdn.co/image/ab6761610000e5ebb173d69f77530d77a991984f
Stefflon Don,2ExGrw6XpbtUAJHTLtUXUD,https://open.spotify.com/artist/2ExGrw6XpbtUAJHTLtUXUD,1175029,"dancehall, dancehall queen, uk dancehall, uk hip hop",66,https://i.scdn.co/image/ab6761610000e5eb1a18862abdc55c10a7069461
Madison Beer,2kRfqPViCqYdSGhYSM9R0Q,https://open.spotify.com/artist/2kRfqPViCqYdSGhYSM9R0Q,6383010,pop,76,https://i.scdn.co/image/ab6761610000e5ebe0b37426761bbaa441615c5b
*NSYNC,6Ff53KvcvAj5U7Z1vojB5o,https://open.spotify.com/artist/6Ff53KvcvAj5U7Z1vojB5o,2312695,"boy band, dance pop, pop",70,https://i.scdn.co/image/ab6761610000e5eb9414ef07d0ca697726912df1
Jazmin Bean,6blEmsLU25ewy8hHtgZaSL,https://open.spotify.com/artist/6blEmsLU25ewy8hHtgZaSL,631411,pov: indie,57,https://i.scdn.co/image/ab6761610000e5eb035c2de1823e0296d6539253
Bebe Rexha,64M6ah0SkkRsnPGtGiRAbb,https://open.spotify.com/artist/64M6ah0SkkRsnPGtGiRAbb,8963679,"dance pop, pop",80,https://i.scdn.co/image/ab6761610000e5ebc692afc666512dc946a7358f
THE DRIVER ERA,5bmqhxWk9SEFDGIzWpSjVJ,https://open.spotify.com/artist/5bmqhxWk9SEFDGIzWpSjVJ,688308,modern alternative rock,59,https://i.scdn.co/image/ab6761610000e5ebd4431aa37c9ae7560f606291
Arctic Monkeys,7Ln80lUS6He07XvHI8qqHH,https://open.spotify.com/artist/7Ln80lUS6He07XvHI8qqHH,24096641,"garage rock, modern rock, permanent wave, rock, sheffield indie",86,https://i.scdn.co/image/ab6761610000e5eb7da39dea0a72f581535fb11f
The Pussycat Dolls,6wPhSqRtPu1UhRCDX5yaDJ,https://open.spotify.com/artist/6wPhSqRtPu1UhRCDX5yaDJ,5551930,"dance pop, girl group, pop",69,https://i.scdn.co/image/ab6761610000e5eb292575f7d081016e04dff9ee
Justin Timberlake,31TPClRtHm23RisEBtV3X7,https://open.spotify.com/artist/31TPClRtHm23RisEBtV3X7,13841447,"dance pop, pop",83,https://i.scdn.co/image/ab6761610000e5eb7a5cfe2597665a3d160e805e
Frankie Rodriguez,4c1j4vQueDvjOFPNr2aJ2e,https://open.spotify.com/artist/4c1j4vQueDvjOFPNr2aJ2e,24408,movie tunes,30,https://i.scdn.co/image/ab6761610000e5ebb5b6999719f347417472bd56
The Veronicas,1dIdBZaaHRW2bDTkHNfWln,https://open.spotify.com/artist/1dIdBZaaHRW2bDTkHNfWln,949323,"australian pop, candy pop, dance pop, girl group, post-teen pop",56,https://i.scdn.co/image/ab6761610000e5eb613ef8433650f59ff40a0349
Colbie Caillat,6aZyMrc4doVtZyKNilOmwu,https://open.spotify.com/artist/6aZyMrc4doVtZyKNilOmwu,2470944,"dance pop, neo mellow, pop",67,https://i.scdn.co/image/ab6761610000e5eb08635ff0ed30023d2ee764a1
Jessie J,2gsggkzM5R49q6jpPvazou,https://open.spotify.com/artist/2gsggkzM5R49q6jpPvazou,11531834,"dance pop, pop",72,https://i.scdn.co/image/ab6761610000e5eb91f0dd753c09e051675a1ca6
Ella Mai,7HkdQ0gt53LP4zmHsL0nap,https://open.spotify.com/artist/7HkdQ0gt53LP4zmHsL0nap,5412982,"r&b, rap, uk contemporary r&b",68,https://i.scdn.co/image/ab6761610000e5eb173a42b51755d3075d67831c
Faith Hill,25NQNriVT2YbSW80ILRWJa,https://open.spotify.com/artist/25NQNriVT2YbSW80ILRWJa,1807299,"contemporary country, country, country dawn, country road",62,https://i.scdn.co/image/ab6761610000e5ebfcf4aca895932122a66211bf
Cardi B,4kYSro6naA4h99UJvo89HB,https://open.spotify.com/artist/4kYSro6naA4h99UJvo89HB,23517714,"pop, rap",81,https://i.scdn.co/image/ab6761610000e5eb4e8a7e14e2f602eb9af24e31
Austin Moon,1eBGyqw9kLsidL0q2dimWF,https://open.spotify.com/artist/1eBGyqw9kLsidL0q2dimWF,508201,"movie tunes, post-teen pop",52,https://i.scdn.co/image/ab67616d0000b273b58f3a5edd99cb74ac0a41a4
Simple Plan,2p4FqHnazRucYQHyDCdBrJ,https://open.spotify.com/artist/2p4FqHnazRucYQHyDCdBrJ,3504215,"canadian pop punk, canadian punk, canadian rock, modern rock, neon pop punk, pop punk, pop rock",68,https://i.scdn.co/image/ab6761610000e5eb9e889e992f5dc0e7bb632713
Olly Murs,3whuHq0yGx60atvA2RCVRW,https://open.spotify.com/artist/3whuHq0yGx60atvA2RCVRW,3182651,"dance pop, pop, talent show",65,https://i.scdn.co/image/ab6761610000e5eb0f69adcd21b766fa18e3c3db
Meghan Trainor,6JL8zeS1NmiOftqZTRgdTz,https://open.spotify.com/artist/6JL8zeS1NmiOftqZTRgdTz,14701349,"hip pop, pop",78,https://i.scdn.co/image/ab6761610000e5eb365984489dac7a79eac204e3
Shawn Mendes,7n2wHs1TKAczGzO7Dd2rGr,https://open.spotify.com/artist/7n2wHs1TKAczGzO7Dd2rGr,42420347,"canadian pop, pop, viral pop",82,https://i.scdn.co/image/ab6761610000e5eb93e1fe183be0aebda170283a
mxmtoon,0HthCchcL0kVLHTr113Vk1,https://open.spotify.com/artist/0HthCchcL0kVLHTr113Vk1,1903541,"alt z, bedroom pop, indie pop, pov: indie",63,https://i.scdn.co/image/ab6761610000e5eba866ed0731e5997af6354dc6
Maggie Lindemann,0uGk2czvcpWQA383Im6ajf,https://open.spotify.com/artist/0uGk2czvcpWQA383Im6ajf,2009907,"alt z, dark pop, pop",62,https://i.scdn.co/image/ab6761610000e5eb3e17e695dc823f15740344b7
Astrid S,3AVfmawzu83sp94QW7CEGm,https://open.spotify.com/artist/3AVfmawzu83sp94QW7CEGm,1336120,"alt z, norwegian pop, pop, uk pop",63,https://i.scdn.co/image/ab6761610000e5eba05086230cc90199ab2d39fe
Sasha Alex Sloan,4xnihxcoXWK3UqryOSnbw5,https://open.spotify.com/artist/4xnihxcoXWK3UqryOSnbw5,1449879,alt z,68,https://i.scdn.co/image/ab6761610000e5eb10b7ef8a43b16465acdc0e1d
The Smiths,3yY2gUcIsjMr8hjo51PoJ8,https://open.spotify.com/artist/3yY2gUcIsjMr8hjo51PoJ8,5476705,"madchester, new wave, permanent wave, rock, uk post-punk",78,https://i.scdn.co/image/481b980af463122013e4578c08fb8c5cbfaed1e9
Wallows,0NIPkIjTV8mB795yEIiPYL,https://open.spotify.com/artist/0NIPkIjTV8mB795yEIiPYL,2674274,pov: indie,71,https://i.scdn.co/image/ab6761610000e5ebc83bf2d64390a022f70674e1
Sam Smith,2wY79sveU1sp5g7SokKOiI,https://open.spotify.com/artist/2wY79sveU1sp5g7SokKOiI,23513716,"pop, uk pop",83,https://i.scdn.co/image/ab6761610000e5eb7ba9b5726cdd0814dc0cda2e
Dove Cameron,2W8yFh0Ga6Yf3jiayVxwkE,https://open.spotify.com/artist/2W8yFh0Ga6Yf3jiayVxwkE,4836688,pop,71,https://i.scdn.co/image/ab6761610000e5eb00123a25f73d91bdead7b1c0
Lizzo,56oDRnqbIiwx4mymNEv7dS,https://open.spotify.com/artist/56oDRnqbIiwx4mymNEv7dS,5707270,"escape room, minnesota hip hop, pop, trap queen",71,https://i.scdn.co/image/ab6761610000e5eb0d66b3670294bf801847dae2
Lana Del Rey,00FQb4jTyendYWaN8pK0wa,https://open.spotify.com/artist/00FQb4jTyendYWaN8pK0wa,33793251,"art pop, pop",90,https://i.scdn.co/image/ab6761610000e5ebb99cacf8acd5378206767261
Mitski,2uYWxilOVlUdk4oV9DvwqK,https://open.spotify.com/artist/2uYWxilOVlUdk4oV9DvwqK,7411166,"brooklyn indie, pov: indie",84,https://i.scdn.co/image/ab6761610000e5eb4bdb3888818637acb71c4a13
Kesha,6LqNN22kT3074XbTVUrhzX,https://open.spotify.com/artist/6LqNN22kT3074XbTVUrhzX,7736030,"dance pop, pop",78,https://i.scdn.co/image/ab6761610000e5eb93edab94acfe329cfcd339ec
Brent Faiyaz,3tlXnStJ1fFhdScmQeLpuG,https://open.spotify.com/artist/3tlXnStJ1fFhdScmQeLpuG,5723905,"r&b, rap",84,https://i.scdn.co/image/ab6761610000e5ebe187dca750abfd3688836309
Sir Chloe,6rniTPs9zN26kYnkPdFl1U,https://open.spotify.com/artist/6rniTPs9zN26kYnkPdFl1U,736656,"indie pop, pov: indie",63,https://i.scdn.co/image/ab6761610000e5eb5301009724ced8cd556ffff1
Camila Cabello,4nDoRrQiYLoBzwC5BhVJzF,https://open.spotify.com/artist/4nDoRrQiYLoBzwC5BhVJzF,32614912,"dance pop, pop",81,https://i.scdn.co/image/ab6761610000e5eb99a94361a732b7eb49342d35
salvia palth,0pg0Zm8FsGAYy5kdHuBnSo,https://open.spotify.com/artist/0pg0Zm8FsGAYy5kdHuBnSo,1054889,"countrygaze, lo-fi emo, lo-fi indie, pov: indie, slowcore, small room",69,https://i.scdn.co/image/ab67616d0000b2734a82bda3507d50ac3e039bb0
Jack Stauber's Micropop,1yNIb413Bmfs2ZBVuPp9kC,https://open.spotify.com/artist/1yNIb413Bmfs2ZBVuPp9kC,1697209,"pov: indie, weirdcore",66,https://i.scdn.co/image/ab67616d0000b27381315fc54ae8c2da80dd722f
Meg Donnelly,0jcl46xRBm9LKIwrKGQPE6,https://open.spotify.com/artist/0jcl46xRBm9LKIwrKGQPE6,198231,"movie tunes, nyc pop",57,https://i.scdn.co/image/ab6761610000e5eb9f75349ecac0b1e94563af6e
Sabrina Carpenter,74KM79TiuVKeVCqs8QtB0B,https://open.spotify.com/artist/74KM79TiuVKeVCqs8QtB0B,7710041,pop,81,https://i.scdn.co/image/ab6761610000e5ebaead9d4bfd812d0d267b2991
Ice Spice,3LZZPxNDGDFVSIPqf4JuEf,https://open.spotify.com/artist/3LZZPxNDGDFVSIPqf4JuEf,3313501,bronx drill,76,https://i.scdn.co/image/ab6761610000e5eb03578c92e15089c645b794f5
SZA,7tYKF4w9nC0nq9CsPZTHyP,https://open.spotify.com/artist/7tYKF4w9nC0nq9CsPZTHyP,18884205,"pop, r&b, rap",91,https://i.scdn.co/image/ab6761610000e5eb0895066d172e1f51f520bc65
Jonas Brothers,7gOdHgIoIKoe4i9Tta6qdD,https://open.spotify.com/artist/7gOdHgIoIKoe4i9Tta6qdD,7480772,"boy band, pop",76,https://i.scdn.co/image/ab6761610000e5ebab4364d80728df548a4f7d77
Kelly Clarkson,3BmGtnKgCSGYIUhmivXKWX,https://open.spotify.com/artist/3BmGtnKgCSGYIUhmivXKWX,10286354,"dance pop, pop, talent show",74,https://i.scdn.co/image/ab6761610000e5eb305a7cc6760b53a67aaae19d
Ruth B.,2WzaAvm2bBCf4pEhyuDgCY,https://open.spotify.com/artist/2WzaAvm2bBCf4pEhyuDgCY,3388185,"alt z, canadian contemporary r&b, canadian pop, pop",73,https://i.scdn.co/image/ab6761610000e5eb1da7ba1c178ab9f68d065197
MARINA,6CwfuxIqcltXDGjfZsMd9A,https://open.spotify.com/artist/6CwfuxIqcltXDGjfZsMd9A,5315810,"metropopolis, pop, pov: indie, uk alternative pop",72,https://i.scdn.co/image/ab6761610000e5ebc28e02e9bb9bf19358669fef
The Weeknd,1Xyo4u8uXC1ZmMpatF05PJ,https://open.spotify.com/artist/1Xyo4u8uXC1ZmMpatF05PJ,81574053,"canadian contemporary r&b, canadian pop, pop",95,https://i.scdn.co/image/ab6761610000e5eb214f3cf1cbe7139c1e26ffbb
Hilary Duff,2S9W9aSAd7e5mp8WqWxN2h,https://open.spotify.com/artist/2S9W9aSAd7e5mp8WqWxN2h,2318349,"dance pop, pop, post-teen pop",55,https://i.scdn.co/image/2b46c43a2c8d3af23f3183299c2070c2d42ad039
Mother Mother,0e86yPdC41PGRkLp2Q1Bph,https://open.spotify.com/artist/0e86yPdC41PGRkLp2Q1Bph,3912240,"canadian indie rock, pov: indie, vancouver indie",73,https://i.scdn.co/image/ab6761610000e5ebe44bd36ac6fecba51b139cc5
Sonder,2ICR2m4hOBPhaYiZB3rnLW,https://open.spotify.com/artist/2ICR2m4hOBPhaYiZB3rnLW,1094219,experimental r&b,70,https://i.scdn.co/image/ab6761610000e5ebfc55ad52c4f90c036acc8c15
Gwen Stefani,4yiQZ8tQPux8cPriYMWUFP,https://open.spotify.com/artist/4yiQZ8tQPux8cPriYMWUFP,6400280,"dance pop, pop",73,https://i.scdn.co/image/ab6761610000e5eb9b52aeefcda4110690fb8831
ZAYN,5ZsFI1h6hIdQRw2ti0hz81,https://open.spotify.com/artist/5ZsFI1h6hIdQRw2ti0hz81,22771133,"pop, uk pop",76,https://i.scdn.co/image/ab6761610000e5eb7a1fba1bb3618ef71355f82a
FINNEAS,37M5pPGs6V1fchFJSgCguX,https://open.spotify.com/artist/37M5pPGs6V1fchFJSgCguX,1932676,"alt z, la indie, pop, pov: indie",67,https://i.scdn.co/image/ab6761610000e5eb0c56e1a2c14efda30c57b98e
chloe moriondo,3P4vW5tzQvmuoNaFQqzy9q,https://open.spotify.com/artist/3P4vW5tzQvmuoNaFQqzy9q,672430,"alt z, bedroom pop, indie pop, pov: indie",56,https://i.scdn.co/image/ab6761610000e5eb001dad9a4b6fac554f86b98c
Lindsay Lohan,4vRSocKbGh7PsQrYRDVMEF,https://open.spotify.com/artist/4vRSocKbGh7PsQrYRDVMEF,1055194,"dance pop, post-teen pop",45,https://i.scdn.co/image/ab6761610000e5ebaf2cbd8cdb93a9a6b14a190e
Halsey,26VFTg2z8YR0cCuwLzESi2,https://open.spotify.com/artist/26VFTg2z8YR0cCuwLzESi2,21353781,"electropop, etherpop, indie poptimism, pop",81,https://i.scdn.co/image/ab6761610000e5ebd707e1c5177614c4ec95a06c
Ed Sheeran,6eUKZXaKkcviH0Ku9w2n3V,https://open.spotify.com/artist/6eUKZXaKkcviH0Ku9w2n3V,113653220,"pop, singer-songwriter pop, uk pop",87,https://i.scdn.co/image/ab6761610000e5eb3bcef85e105dfc42399ef0ba
Ashlee Simpson,4hqDqHtBlgxXpLXVYf7c8L,https://open.spotify.com/artist/4hqDqHtBlgxXpLXVYf7c8L,961504,"dance pop, post-teen pop",47,https://i.scdn.co/image/ab6761610000e5eb60a34dfbd606cefc93c33310
Leona Lewis,5lKZWd6HiSCLfnDGrq9RAm,https://open.spotify.com/artist/5lKZWd6HiSCLfnDGrq9RAm,3518112,"british soul, dance pop, pop, talent show",65,https://i.scdn.co/image/ab6761610000e5ebe9cf3862b8027eb5b9f6b831
Latto,3MdXrJWsbVzdn6fe5JYkSQ,https://open.spotify.com/artist/3MdXrJWsbVzdn6fe5JYkSQ,1543361,trap queen,78,https://i.scdn.co/image/ab6761610000e5ebe16c86ca28960a2d9ce52810
Julie and the Phantoms Cast,52OQXvCMAJ0zqE2ZQrBTqC,https://open.spotify.com/artist/52OQXvCMAJ0zqE2ZQrBTqC,424416,,57,https://i.scdn.co/image/ab67616d0000b273b51d34b240a45a9223f7291b
Bella Thorne,58AqJv0sDFPFnnBcLT8eeX,https://open.spotify.com/artist/58AqJv0sDFPFnnBcLT8eeX,1100628,post-teen pop,42,https://i.scdn.co/image/ab6761610000e5eb7ba22523ad65f4dee6b9e6b0
City Girls,37hAfseJWi0G3Scife12Il,https://open.spotify.com/artist/37hAfseJWi0G3Scife12Il,2544117,"scam rap, trap queen",64,https://i.scdn.co/image/ab6761610000e5eb5d4891c63de9b0b74a4b7b9e
girl in red,3uwAm6vQy7kWPS2bciKWx9,https://open.spotify.com/artist/3uwAm6vQy7kWPS2bciKWx9,7069553,"bedroom pop, indie pop, norwegian indie, pov: indie",75,https://i.scdn.co/image/ab6761610000e5ebb3ed437da60866ed52c5238b
HRVY,28y6CyJNkGNjJQKrlx4AmN,https://open.spotify.com/artist/28y6CyJNkGNjJQKrlx4AmN,1683497,pop,58,https://i.scdn.co/image/ab6761610000e5ebbbb8f6c9d02f71a3d0d25f93
Victorious Cast,1KYszkVzlhV3rAqmAcYIgd,https://open.spotify.com/artist/1KYszkVzlhV3rAqmAcYIgd,2005341,post-teen pop,60,https://i.scdn.co/image/a14453943d48ffbc59b889bf6b10a80bb6e5c573
Kali Uchis,1U1el3k54VvEUzo3ybLPlM,https://open.spotify.com/artist/1U1el3k54VvEUzo3ybLPlM,6887851,colombian pop,85,https://i.scdn.co/image/ab6761610000e5eb51dfdac248da65a860963b68
Britney Spears,26dSoYclwsYLMAKD3tpOr4,https://open.spotify.com/artist/26dSoYclwsYLMAKD3tpOr4,14123482,"dance pop, pop",81,https://i.scdn.co/image/ab6761610000e5eb3a49b0a3954e460a8a76ed90
Selena Gomez,0C8ZW7ezQVs4URX5aX7Kqx,https://open.spotify.com/artist/0C8ZW7ezQVs4URX5aX7Kqx,48777809,"pop, post-teen pop",82,https://i.scdn.co/image/ab6761610000e5ebc3c753851496854e29abff7a
TV Girl,0Y6dVaC9DZtPNH4591M42W,https://open.spotify.com/artist/0Y6dVaC9DZtPNH4591M42W,5872741,pov: indie,82,https://i.scdn.co/image/ab67616d0000b27332f5fec7a879ed6ef28f0dfd
